id,firstname,lastname,age,Country
100,Arabel,Katrine,43,Malaysia
101,Louella,Natica,40,Saint Lucia
102,Roxane,Sasnett,36,Bouvet Island
103,Alyssa,Hubert,37,Qatar
104,Helena,Ventre,36,United Arab Emirates
105,Ingrid,Arne,45,Trinidad and Tobago
106,Therine,Kosey,49,Azerbaijan
107,Basia,Denis,12,Bermuda
108,Beatriz,Tomasina,13,American Samoa
109,Hettie,Rillings,44,Poland
110,Helsa,Kaete,2,French Southern Territories
111,Silvana,Hortensia,5,Mozambique
112,Sara-Ann,Thema,24,Holy See (Vatican City State)
113,Raquela,McLaughlin,25,"Palestinian Territory, Occupied"
114,Amara,Sherrie,19,Suriname
115,Ana,Neva,5,"Iran, Islamic Republic Of"
116,Rosabelle,Leonard,48,Burkina Faso
117,Marcy,Goddard,39,Bahrain
118,Dorthy,Eiser,36,Bahamas
119,Drucie,Kelula,3,Dominica
120,Jordan,Hertzfeld,46,Reunion
121,Grier,Louanna,29,Yemen
122,Cathyleen,Burkle,37,Ireland
123,Kate,Saint,10,Burundi
124,Yvonne,Anestassia,20,Aruba
125,Siana,Nikaniki,8,"Congo, The Democratic Republic of the"
126,Millie,Posner,49,Nepal
127,Linzy,Middleton,34,Tonga
128,Linzy,Kevon,30,Oman
129,Letizia,Rugen,36,Venezuela
130,Taffy,Sherfield,30,Viet Nam
131,Ana,Valerio,31,South Africa
132,Selia,Chauncey,32,Holy See (Vatican City State)
133,Brena,Kendrick,37,Christmas Island
134,Tina,Bandeen,27,Portugal
135,Charlena,Dimitris,20,"Korea, Democratic People""S Republic of"
136,Jobi,Ruvolo,34,Grenada
137,Gilda,Concha,48,San Marino
138,Hallie,Kendrick,11,Poland
139,Sheelagh,McLaughlin,22,El Salvador
140,Fawne,Lenny,34,Dominican Republic
141,Mariele,Syd,37,Ethiopia
142,Kerrin,Sperling,32,Russian Federation
143,Emmey,Ader,45,Saint Lucia
144,Taffy,Kalinda,33,Bouvet Island
145,Dulcinea,Kimmie,15,"Iran, Islamic Republic Of"
146,Isa,Aloise,50,Ireland
147,Amara,Cimbura,45,Madagascar
148,Renie,Joli,24,Canada
149,Marti,Callista,47,Turkey
150,Vere,Ashok,13,Cambodia
151,Collen,Mandler,34,Ecuador
152,Binny,O'Rourke,34,Australia
153,Alyssa,Jillane,34,Benin
154,Lolita,Niccolo,49,French Guiana
155,Cacilie,Toffic,4,United Arab Emirates
156,Cassondra,Estella,38,Anguilla
157,Sabina,Hebner,39,Brazil
158,Mathilda,Stevy,39,Germany
159,Lusa,Rebecka,39,Tuvalu
160,Claresta,Hollingsworth,13,Wallis and Futuna
161,Dorene,Lilybelle,39,"Moldova, Republic of"
162,Edyth,Raul,15,Mauritius
163,Agnese,Pacorro,48,Suriname
164,Kristina,Holtz,5,Bahrain
165,Almeta,Eldrid,27,Guinea-Bissau
166,Ada,Emanuel,47,Saint Lucia
167,Gerianna,Erb,35,Lebanon
168,Loree,Cordi,9,Egypt
169,Sandie,Solitta,1,Bermuda
170,Halette,Roumell,25,Japan
171,Kenna,Adlare,46,Morocco
172,Marleah,Fry,34,India
173,Agnese,Brackely,49,Brunei Darussalam
174,Lisette,Merat,48,Germany
175,Kara-Lynn,Niccolo,45,Malawi
176,Asia,Phi,19,Belize
177,Carly,Ball,27,Slovakia
178,Constance,Durware,40,Switzerland
179,Elfreda,Klemperer,38,Malawi
180,Deane,Camden,7,Ukraine
181,Constance,Natalia,4,Equatorial Guinea
182,Kittie,Loeb,17,Iraq
183,Madelle,Boycey,43,Ireland
184,Ulrike,Gunn,46,Eritrea
185,Consuela,Gregrory,13,Jersey
186,Nanete,Tamsky,23,Guernsey
187,Jacquetta,Swigart,20,Saint Kitts and Nevis
188,Marnia,Bobbee,33,Vanuatu
189,Annaliese,Jammal,10,Madagascar
190,Noelle,Giff,22,Sri Lanka
191,Barbi,Wandie,31,Saint Lucia
192,Fidelia,Sandye,35,Cuba
193,Kristan,Dudley,22,Gibraltar
194,Nicoli,Neils,21,Uruguay
195,Vivia,Jobi,4,Liechtenstein
196,Maridel,Liva,17,India
197,Cissiee,Daegal,8,Botswana
198,Jenda,Earlie,22,Martinique
199,Di,Pelagias,46,Jersey
200,Eugine,Goode,26,Afghanistan
201,Jaclyn,Jacobah,50,Mauritius
202,Noelle,Rese,13,Qatar
203,Linzy,Wooster,21,Peru
204,Chloris,Posner,39,Ethiopia
205,Rosene,Aida,24,Denmark
206,Max,Hoenack,4,Bosnia and Herzegovina
207,Phylis,Caitlin,24,United Kingdom
208,Jerry,McGrody,33,Comoros
209,Gaylene,Dorothy,48,Northern Mariana Islands
210,Marcy,Leary,26,Qatar
211,Fidelia,Rossner,44,India
212,Kate,Tayib,28,Faroe Islands
213,Lorenza,Minetta,24,Suriname
214,Stevana,Sothena,6,Holy See (Vatican City State)
215,Merry,Maurine,26,Equatorial Guinea
216,Melanie,Dorothy,1,Tuvalu
217,Helsa,Argus,18,Lithuania
218,Gratia,Socha,1,American Samoa
219,Carlie,Emerson,46,French Guiana
220,Agnese,Berriman,48,Mongolia
221,Madalyn,Merriott,6,Isle of Man
222,Roslyn,Nea,25,Comoros
223,Dorice,Eno,26,Equatorial Guinea
224,Siana,Hubert,11,Austria
225,Mariele,Cutlerr,27,RWANDA
226,Gwyneth,Firmin,44,India
227,Sean,Ariella,21,Hong Kong
228,Tami,Tannie,4,Bouvet Island
229,Jaime,Drisko,42,Peru
230,Coral,Wareing,9,Swaziland
231,Michaelina,Goth,14,Bahamas
232,Lauryn,Bebe,29,Austria
233,Clo,Heisel,4,Trinidad and Tobago
234,Dianemarie,Burkle,3,Indonesia
235,Rozele,Connelly,12,Ecuador
236,Laurene,Avi,27,Netherlands Antilles
237,Mildrid,Hachmin,36,Gambia
238,Roberta,Fadiman,2,Armenia
239,Mignon,Elephus,45,Aruba
240,Mady,Holbrook,33,Morocco
241,Kellen,Craggie,4,Mauritius
242,Micheline,Cadmar,43,Guam
243,Max,Trinetta,35,Haiti
244,Ebonee,Pulsifer,27,Slovenia
245,Tracey,Cimbura,16,New Caledonia
246,Reeba,Moseley,24,United Arab Emirates
247,Daryl,Jacinda,9,Slovenia
248,Winifred,Burnside,18,Falkland Islands (Malvinas)
249,Eve,Zina,46,Turkey
250,Lita,Tjon,23,Cambodia
251,Kristan,Roarke,46,Syrian Arab Republic
252,Melodie,Alcott,45,Bulgaria
253,Drucie,Alwin,24,Uganda
254,Julieta,Allys,33,Slovenia
255,Stevana,Septima,14,Sao Tome and Principe
256,Vinita,McNully,34,Saint Helena
257,Aurelie,Tufts,34,Nauru
258,Shaylyn,Eckblad,43,Tunisia
259,Theodora,Chandler,12,Oman
260,Eve,Dash,11,Marshall Islands
261,Sharlene,Joni,5,Jamaica
262,Gilda,Jorgan,23,Cambodia
263,Aimil,Jotham,4,Lesotho
264,Kittie,Amadas,16,Reunion
265,Lulita,Pond,5,Qatar
266,Bernardine,Gower,41,Syrian Arab Republic
267,Joane,Roscoe,31,Fiji
268,Babita,Bouchard,29,Uzbekistan
269,Gwenneth,Urania,39,United Arab Emirates
270,Cathie,Donoghue,37,Bahamas
271,Latisha,Baylor,2,"Tanzania, United Republic of"
272,Lizzie,Fabiola,44,Guadeloupe
273,Misha,Kunin,1,"Cote D""Ivoire"
274,Gertrud,Sheng,15,Barbados
275,Amalie,Penelopa,38,"Lao People""S Democratic Republic"
276,Leeanne,Sibyls,40,Vanuatu
277,Binny,Dorothy,17,Saint Vincent and the Grenadines
278,Christal,Goddard,19,"Korea, Democratic People""S Republic of"
279,Ketti,Elisha,12,Oman
280,Lizzie,Sallyann,1,Chile
281,Codie,Secrest,47,Monaco
282,Rani,Susannah,47,Kiribati
283,Juliane,Pip,46,United States
284,Lulita,Sholley,39,Guadeloupe
285,Annecorinne,Meli,41,Gambia
286,Melina,Tatianas,1,Lebanon
287,Mara,Jorgan,4,Gabon
288,Alyda,Hunfredo,28,Dominican Republic
289,Iseabal,Elsinore,9,"Taiwan, Province of China"
290,Carolina,Klemperer,22,Guinea-Bissau
291,Kenna,Amethist,30,Croatia
292,Dotty,Kaja,31,Canada
293,Sean,Rubie,41,Malta
294,Beth,Newell,41,Algeria
295,Basia,Talia,40,Australia
296,Wanda,Madelene,8,Ireland
297,Goldie,Wandie,26,Uzbekistan
298,Maud,Riordan,47,Guam
299,Janis,Tyson,29,Slovenia
300,Bobbi,Peti,46,Turkey
301,Tatiania,Donoghue,14,Kazakhstan
302,Catharine,Sinegold,4,Guadeloupe
303,Sam,Bobbee,26,Bahrain
304,Odessa,Joni,12,Eritrea
305,Nickie,Freddi,35,Niger
306,Layla,Bashemeth,41,Czech Republic
307,Elka,Sprage,34,Jordan
308,Madeleine,Magnolia,23,Dominican Republic
309,Stacey,Tacye,35,Tonga
310,Ekaterina,Meter,1,"Taiwan, Province of China"
311,Dacia,Sacken,45,Turks and Caicos Islands
312,Shaylyn,Tomasina,6,Mali
313,Candy,Gilbertson,21,Northern Mariana Islands
314,Lanae,Roche,30,United Kingdom
315,Talya,Stuart,33,Peru
316,Dyann,Seumas,43,Japan
317,Cacilie,Henebry,6,Egypt
318,Natka,Paine,35,Senegal
319,Lorie,Loring,37,Japan
320,Ardeen,Bertold,29,Turkey
321,Rosanne,Waldron,44,Jordan
322,Roz,Eachern,22,United Arab Emirates
323,Minda,Charmine,27,Heard Island and Mcdonald Islands
324,Rori,Scammon,16,Ethiopia
325,Tybie,Aida,29,"Korea, Democratic People""S Republic of"
326,Iseabal,Sikorski,48,Malta
327,Celisse,Louanna,32,Sudan
328,Maisey,Rozanna,31,Isle of Man
329,Raf,Bevin,29,Cyprus
330,Esmeralda,Nea,6,Qatar
331,Bill,Bluh,46,"Korea, Republic of"
332,Sindee,Gilbertson,14,Japan
333,Celisse,Verger,8,Cayman Islands
334,Nataline,Fontana,20,Jordan
335,Jenda,Hartnett,21,Aruba
336,Bernardine,Joni,20,Fiji
337,Kial,Thema,20,Papua New Guinea
338,Desirae,Amadas,34,Viet Nam
339,Ardys,Madox,23,Namibia
340,Esmeralda,Goth,29,Spain
341,Tersina,Wattenberg,41,Peru
342,Bertine,Wandie,42,Guinea
343,Amara,Skurnik,34,Montserrat
344,Raf,Minetta,32,Romania
345,Miquela,Clie,2,Switzerland
346,Barbara,Tamar,27,Turks and Caicos Islands
347,Selma,Shelba,41,Mexico
348,Elmira,Fabiola,49,Sudan
349,Noelle,Dudley,47,Barbados
350,Susan,Berne,40,Israel
351,Nelle,Gordon,3,Tuvalu
352,Hayley,Keelia,22,Hong Kong
353,Margette,Olin,14,Kiribati
354,Bee,Brenn,23,"Micronesia, Federated States of"
355,Desirae,Mullane,4,Kenya
356,Elka,Camden,50,Nepal
357,Melanie,Vanni,21,Belarus
358,Sean,Gaulin,42,"Lao People""S Democratic Republic"
359,Ericka,Hathaway,16,Ireland
360,Madelle,Screens,30,"Korea, Democratic People""S Republic of"
361,Angela,Bennie,49,Slovakia
362,Luci,Atonsah,42,Hong Kong
363,Ivett,Friede,13,Mauritania
364,Annora,Tippets,26,Mali
365,Kaja,O'Rourke,33,Norfolk Island
366,Fidelia,Alarise,23,Indonesia
367,Constance,Shaver,41,Guam
368,Deedee,Ilka,22,Tokelau
369,Codie,Trace,18,Mayotte
370,Elora,Vorster,33,Uzbekistan
371,Gerrie,Borrell,47,Portugal
372,Corene,Joli,6,Norfolk Island
373,Meriel,Lewes,6,Djibouti
374,Jordan,Darbie,32,Bahamas
375,Marline,Carey,47,"Palestinian Territory, Occupied"
376,Cacilie,Zuzana,22,Guernsey
377,Kamilah,Prober,27,Togo
378,Britni,Tice,1,Turkmenistan
379,Jacenta,Sprage,28,Oman
380,Tressa,Wittie,26,San Marino
381,Ericka,Westphal,20,Greece
382,Rhea,Goerke,26,Malaysia
383,Tabbatha,Delp,31,Viet Nam
384,Shel,Colbert,23,Palau
385,Merrie,Jenness,43,Peru
386,Dulce,Juliet,13,Turkey
387,Melisent,Vanni,31,"Cote D""Ivoire"
388,Queenie,Adlare,15,Belize
389,Justinn,Henrie,34,Bahrain
390,Agathe,Hull,32,Viet Nam
391,Trudie,Shields,39,"Korea, Republic of"
392,Sashenka,Lubin,1,Central African Republic
393,Joy,Land,10,Bosnia and Herzegovina
394,Kamilah,Shelba,39,Brazil
395,Ronna,Nedrud,12,Cayman Islands
396,Ardenia,Guildroy,30,Barbados
397,Brooks,Hailee,46,Ukraine
398,Chrystel,Koehler,30,Azerbaijan
399,Kate,Tatianas,21,Puerto Rico
400,Ira,Thomasina,14,Belarus
401,Jaime,Marsden,32,Finland
402,Asia,Nea,32,Luxembourg
403,Sallie,Tybald,42,Paraguay
404,Roz,Mathilde,6,Sri Lanka
405,Dianemarie,Tyson,4,Grenada
406,Joeann,Persse,6,Qatar
407,Xylina,Terrence,28,Northern Mariana Islands
408,Clarice,Lucienne,38,Equatorial Guinea
409,Corina,Thornburg,15,Sierra Leone
410,Harrietta,Mathilde,14,Sao Tome and Principe
411,Verla,Middleton,42,Uganda
412,Tani,Kelula,42,Pitcairn
413,Janenna,Mike,9,Tajikistan
414,Kittie,Tayib,24,New Caledonia
415,Paule,Neva,12,Bolivia
416,Karolina,Cleo,50,Lithuania
417,Dode,Jillane,25,Ethiopia
418,Mady,Bronk,5,Nauru
419,Cristabel,Oneida,32,Chad
420,Nelle,Terencio,46,"Palestinian Territory, Occupied"
421,Marinna,Himelman,46,Denmark
422,Marcelline,Bivins,12,Tuvalu
423,Jeanna,Helfand,27,Sao Tome and Principe
424,Melanie,Anestassia,39,Turkmenistan
425,Charmaine,Lowry,31,Antigua and Barbuda
426,Sharlene,Stanwood,40,El Salvador
427,Rochette,Cynar,29,Japan
428,Susette,Giff,2,Togo
429,Pierette,Garek,4,Cuba
430,Cissiee,McLaughlin,23,Jordan
431,Willetta,Atonsah,38,Afghanistan
432,Karina,Gregrory,28,Papua New Guinea
433,Katleen,Othilia,18,Greece
434,Cordi,Crudden,15,Anguilla
435,Pamella,Bronk,34,Saint Pierre and Miquelon
436,Kristina,Yorick,19,Belarus
437,Ariela,Montgomery,16,Mauritius
438,Elfreda,Shields,47,Saint Kitts and Nevis
439,Gabriellia,Earlie,23,Swaziland
440,Jan,Cleo,39,Central African Republic
441,Clo,Trey,32,Maldives
442,Tybie,Zenas,12,Guyana
443,Tilly,Andrel,8,Denmark
444,Emylee,Vanni,43,Congo
445,Cecile,Peonir,36,Benin
446,Helena,Havens,25,Haiti
447,Raf,Voletta,18,"Virgin Islands, U.S."
448,Kerrin,Darian,17,Falkland Islands (Malvinas)
449,Netty,Raseda,38,"Korea, Republic of"
450,Betta,Garbe,15,Saint Vincent and the Grenadines
451,Nelle,Sothena,42,Qatar
452,Dolli,Yoko,7,Trinidad and Tobago
453,Nannie,Letsou,6,Croatia
454,Berget,Eugenia,37,Malta
455,Lenna,Seumas,34,Faroe Islands
456,Rosabelle,Drisko,7,"Cote D""Ivoire"
457,Giustina,Kiersten,10,Malaysia
458,Carree,Wilkinson,41,Pakistan
459,Jenda,Rugen,39,Luxembourg
460,Joleen,Cressida,6,Zimbabwe
461,Penelopa,Holtz,44,Cambodia
462,Tarra,Tryck,22,"Cote D""Ivoire"
463,Nerta,Nedrud,37,San Marino
464,Maridel,Vittoria,27,Argentina
465,Letizia,Vernier,1,Denmark
466,Taffy,Oriana,22,Haiti
467,Ursulina,Gombach,46,"Virgin Islands, British"
468,Raquela,Peonir,21,French Polynesia
469,Elvira,Niccolo,10,Djibouti
470,Patricia,Cordi,10,"Korea, Democratic People""S Republic of"
471,Wynne,Selway,4,Algeria
472,Cassondra,Garlinda,50,Mali
473,Almeta,Connelly,3,"Korea, Democratic People""S Republic of"
474,Petronia,Francene,16,French Polynesia
475,Shell,Celestine,24,Angola
476,Rhea,Blake,4,Singapore
477,Aaren,Glenden,7,Brazil
478,Sonni,Brodench,43,Solomon Islands
479,Wanda,Myrilla,7,Jersey
480,Caressa,August,29,Philippines
481,Elvira,Gilmour,42,Antarctica
482,Odessa,Hanshaw,35,Niger
483,Deane,Radu,49,Bahamas
484,Cherilyn,Berard,1,Turkey
485,Viki,Liva,30,Guatemala
486,Judy,Wolfgram,42,Wallis and Futuna
487,Anica,Winnick,44,Brunei Darussalam
488,Rubie,Pozzy,9,Romania
489,Minne,Loleta,47,Chad
490,Arabel,Swigart,24,Albania
491,Emma,Valerio,45,Libyan Arab Jamahiriya
492,Leeanne,Sparhawk,29,Saint Vincent and the Grenadines
493,Imojean,Munn,6,Aruba
494,Cristine,Lasley,23,Guernsey
495,Courtnay,Gusella,6,Papua New Guinea
496,Jenda,Marsden,11,Egypt
497,Rozele,Salvidor,12,Liberia
498,Ottilie,Connelly,44,Solomon Islands
499,Rozele,Lipson,21,Tuvalu
500,Kalina,Holbrook,10,Cameroon
501,Melisent,Desai,16,American Samoa
502,Lynea,Lilas,18,Guinea
503,Tani,Kenney,33,Bhutan
504,Belinda,Isacco,32,Cape Verde
505,Dorene,Zuzana,10,Greece
506,Cecile,Berard,10,Suriname
507,Priscilla,Montgomery,15,Barbados
508,Ashlee,Allina,8,Ghana
509,Janis,Ochs,11,Greece
510,Danika,Grobe,8,Jamaica
511,Agnese,Meter,25,Egypt
512,Madalyn,Lynn,4,Malawi
513,Paulita,Brieta,32,Cuba
514,Ottilie,Rugen,33,Guyana
515,Neila,Tippets,38,San Marino
516,Tatiania,Minetta,3,Central African Republic
517,Judy,Solitta,22,"Congo, The Democratic Republic of the"
518,Ericka,Lesley,19,Argentina
519,Sophia,Alice,36,Dominican Republic
520,Elora,Arley,13,Barbados
521,Tobe,Fillbert,33,Montserrat
522,Millie,Hazlett,48,Guinea
523,Vinita,Oster,9,"Macedonia, The Former Yugoslav Republic of"
524,Janeczka,Kenney,41,"Cote D""Ivoire"
525,Margalo,Macey,37,Saint Kitts and Nevis
526,Jany,Douglass,45,United States
527,Althea,Leifeste,48,"Virgin Islands, British"
528,Marti,Latini,11,"Korea, Democratic People""S Republic of"
529,Delilah,Bandeen,29,Cayman Islands
530,Netty,Havens,25,Yemen
531,Corry,Erb,15,Antigua and Barbuda
532,Vevay,Karl,42,Christmas Island
533,Jsandye,Chick,19,South Africa
534,Paola,Decato,25,Liechtenstein
535,Lanae,Saunderson,26,South Georgia and the South Sandwich Islands
536,Adelle,Camden,22,Romania
537,Sara-Ann,Thunell,46,Hungary
538,Therine,Stacy,12,El Salvador
539,Gilda,Center,30,United Kingdom
540,Ariela,Kamaria,26,Puerto Rico
541,Danny,Ehrman,22,Portugal
542,Belva,Brenn,30,Falkland Islands (Malvinas)
543,Arlena,Eben,11,Svalbard and Jan Mayen
544,Ermengarde,Hathaway,41,Guatemala
545,Alejandra,Roche,2,United Kingdom
546,Chrystel,Sisile,29,Benin
547,Farrah,Adamsen,21,Pakistan
548,Gerrie,Winthorpe,42,Kiribati
549,Kathi,Oscar,18,Guernsey
550,Cathie,Franza,7,Seychelles
551,Jacquetta,Zachary,39,Canada
552,Di,Matthew,36,Fiji
553,Rosabelle,Berl,33,Lebanon
554,Laurene,Seumas,3,"Macedonia, The Former Yugoslav Republic of"
555,Gavrielle,Japeth,8,Togo
556,Tomasina,Screens,28,Maldives
557,Berta,Sandye,27,Western Sahara
558,Linet,Casimir,1,Azerbaijan
559,Ileana,Kristi,38,United States
560,Mellicent,Reneta,36,Burundi
561,Rochette,Candy,50,Cambodia
562,Emmey,Read,6,Cape Verde
563,Cyb,Alabaster,50,Denmark
564,Patricia,Fennessy,29,Albania
565,Dale,Goerke,50,Bahamas
566,Nataline,Constancy,4,Pakistan
567,Molli,Raimondo,10,Madagascar
568,Lesly,Weinreb,49,Zimbabwe
569,Karly,Mullane,25,Svalbard and Jan Mayen
570,Dacia,Pernick,33,Marshall Islands
571,Roseline,Emmaline,49,Denmark
572,Sherrie,Colleen,18,Viet Nam
573,Arabel,Sikorski,3,Tokelau
574,Hyacinthe,Maurine,4,Tokelau
575,Dorthy,Carolin,31,Northern Mariana Islands
576,Janey,Vanni,35,"Lao People""S Democratic Republic"
577,Vita,Primalia,4,"Iran, Islamic Republic Of"
578,Jennica,Taima,1,Mauritius
579,Gianina,Concha,7,Central African Republic
580,Millie,Dearborn,33,Puerto Rico
581,Gilligan,Paine,37,Turkmenistan
582,Norine,Claudine,18,Seychelles
583,Priscilla,Presber,21,"Taiwan, Province of China"
584,Josephine,Zetta,36,Mauritania
585,Dotty,Hubert,18,El Salvador
586,Yetty,Rogerio,39,Pakistan
587,Carol-Jean,Gower,3,Cayman Islands
588,Tina,Ferino,5,Kazakhstan
589,Mignon,Adrienne,14,Mauritius
590,Jenda,Alisia,7,Uzbekistan
591,Vita,Tayib,24,Saint Lucia
592,Correy,Magdalen,34,Central African Republic
593,Juliane,Vary,31,Venezuela
594,Dione,Evvie,44,Northern Mariana Islands
595,Helena,Alfons,44,Fiji
596,Clementine,Chrystel,19,"Micronesia, Federated States of"
597,Bernardine,Bryna,21,American Samoa
598,Aubrie,Fairweather,38,Central African Republic
599,Florencia,Sheng,46,Syrian Arab Republic
600,Cathyleen,Erich,1,Peru
601,Asia,Amadas,15,Sri Lanka
602,Melisent,Zina,50,Monaco
603,Natka,Glenden,7,United Arab Emirates
604,Bernardine,Berriman,1,Gabon
605,Britte,Suk,3,Guinea-Bissau
606,Hildegaard,Schwejda,19,Saint Kitts and Nevis
607,Cyb,Schalles,40,Colombia
608,Halette,Zenas,11,Slovakia
609,Amalie,Japeth,34,Poland
610,Joceline,Faso,38,United Kingdom
611,Winny,Niles,3,Dominica
612,Sybille,Armanda,5,"Korea, Republic of"
613,Janey,Kunin,19,Sri Lanka
614,Johna,Eckblad,31,Slovakia
615,Gaylene,Winthorpe,13,Hong Kong
616,Codie,Jacinda,25,Maldives
617,Ardeen,Seumas,50,RWANDA
618,Dorothy,Donell,16,Solomon Islands
619,Violet,Cimbura,1,Poland
620,Gratia,Honoria,27,Ukraine
621,Gianina,McAdams,24,Jamaica
622,Rhoda,Giff,45,Austria
623,Sharai,Othilia,19,Honduras
624,Karena,Goerke,47,Norfolk Island
625,Belva,Lunsford,28,Mayotte
626,Berget,Lacombe,49,Japan
627,Lusa,Smitt,24,Turks and Caicos Islands
628,Bee,Turne,27,Syrian Arab Republic
629,Brena,Franza,9,Sri Lanka
630,Ottilie,Yerkovich,36,Marshall Islands
631,Florencia,Eben,27,Japan
632,Roberta,Naor,3,Brazil
633,Tera,Lilybelle,16,Mauritania
634,Louella,Dominy,34,Syrian Arab Republic
635,Cam,Sasnett,33,Chad
636,Ketti,Stevy,24,"Moldova, Republic of"
637,Mady,Weide,43,Cape Verde
638,Joleen,Guthrie,34,Latvia
639,Eolanda,Dominy,20,Barbados
640,Noelle,Jess,11,Argentina
641,Ivett,Bari,44,Finland
642,Nataline,Payson,2,Hong Kong
643,Feliza,Delila,30,Bosnia and Herzegovina
644,Nickie,Bonilla,40,Saint Kitts and Nevis
645,Kirstin,Hashim,25,Seychelles
646,Sheree,Craggie,33,Mauritius
647,Cathyleen,Barrus,27,Nauru
648,Libbie,Gregrory,9,Singapore
649,Renie,Lewes,35,New Caledonia
650,Rori,Abbot,49,Trinidad and Tobago
651,Joelly,Alarise,48,Portugal
652,Chickie,Ferino,42,Nigeria
653,Tierney,Lacombe,26,"Lao People""S Democratic Republic"
654,Desirae,Lattie,17,Brazil
655,Rivalee,Destinee,21,Martinique
656,Brooks,Gibbeon,10,Aruba
657,Collen,Joeann,35,Bosnia and Herzegovina
658,Frieda,Janene,9,Indonesia
659,Joceline,Schlosser,19,Saudi Arabia
660,Rivalee,Barrus,3,"Korea, Democratic People""S Republic of"
661,Robinia,Fredi,29,Benin
662,Sashenka,Forrer,9,Bangladesh
663,Merci,Skurnik,50,Central African Republic
664,Tiffie,Nunci,5,Romania
665,Cyb,Simmonds,23,Isle of Man
666,Cordi,Modie,5,Mozambique
667,Kenna,Elisha,27,Uganda
668,Cassandra,Taam,27,Austria
669,Shell,Ortrude,37,Burkina Faso
670,Queenie,Orpah,19,Barbados
671,Dacia,Gordon,31,Swaziland
672,Leanna,Wenoa,46,Christmas Island
673,Justinn,Odysseus,3,Tokelau
674,Carmencita,Allare,50,Cook Islands
675,Fernande,Henrie,27,Mayotte
676,Marita,Tound,40,Turkmenistan
677,Marline,Lilas,13,"Virgin Islands, British"
678,Gilligan,Even,24,AndorrA
679,Robinia,Tryck,48,Wallis and Futuna
680,Joeann,Allina,37,Lebanon
681,Nyssa,Simmonds,14,Thailand
682,Teddie,Pearse,32,Uruguay
683,Evita,Hailee,6,Isle of Man
684,Elyssa,Slifka,23,Bolivia
685,Steffane,Abernon,40,French Southern Territories
686,Dulcinea,Primalia,47,Fiji
687,Shandie,Kosey,19,Costa Rica
688,Ardenia,Mata,46,Dominican Republic
689,Gratia,Leler,40,Latvia
690,Hayley,Bow,22,Guinea-Bissau
691,Orelia,Jacqui,24,Oman
692,Eve,Bennie,4,Brunei Darussalam
693,Meghann,Natica,40,Syrian Arab Republic
694,Tomasina,Barney,14,Cyprus
695,Evita,Sekofski,1,Gabon
696,Celisse,Tybald,18,Guinea-Bissau
697,Deloria,Wind,43,Cyprus
698,Ardys,Ummersen,1,Belize
699,Di,Lauraine,43,Ireland
700,Gui,Romelda,12,Iraq
701,Henriette,Dituri,31,Kazakhstan
702,Dolli,Sacken,50,Angola
703,Netty,Cutlerr,22,Tajikistan
704,Vinita,Katrine,50,Kiribati
705,Lucille,Cecile,6,Montserrat
706,Celisse,Pettiford,32,Heard Island and Mcdonald Islands
707,Maryellen,Zrike,35,Falkland Islands (Malvinas)
708,Esmeralda,Bebe,30,New Caledonia
709,Dotty,Brian,45,Mozambique
710,Elena,Aldric,16,Comoros
711,Maridel,Drus,35,Oman
712,Ellette,Grosz,21,Oman
713,Margalo,Zina,33,Jordan
714,Cam,Juliet,31,Falkland Islands (Malvinas)
715,Molli,Zuzana,34,Italy
716,Xylina,Luhe,16,Finland
717,Annora,Rooney,29,Libyan Arab Jamahiriya
718,Gerrie,Rurik,15,Malaysia
719,Belva,Hieronymus,23,Paraguay
720,Alejandra,Emanuel,11,Eritrea
721,Jolyn,Garrison,34,Jamaica
722,Cacilie,Even,42,Iceland
723,Vita,Erskine,35,Kazakhstan
724,Lilith,Bahr,3,Isle of Man
725,Rhea,Vary,20,Sao Tome and Principe
726,Goldie,O'Neill,41,Romania
727,Raina,Bennie,18,Malaysia
728,Rosaline,Iiette,1,El Salvador
729,Deedee,Lipson,36,Cameroon
730,Florencia,Kalinda,18,Gambia
731,Quintina,Old,50,Suriname
732,Kelly,Stacy,7,Nepal
733,Maisey,Anastatius,39,Israel
734,Ardys,Rosette,25,Hong Kong
735,Rebeca,Fiester,43,American Samoa
736,Dagmar,Duwalt,42,Grenada
737,Loree,Carlson,35,Uruguay
738,Xylina,Urias,27,Bulgaria
739,Leontine,Greyson,42,France
740,Bobbi,Mayeda,25,Swaziland
741,Silvana,Soneson,30,"Lao People""S Democratic Republic"
742,Coral,Sikorski,12,New Zealand
743,Dawn,My,11,Panama
744,Gertrud,Strephon,50,Ireland
745,Susan,Haerr,22,Djibouti
746,Adele,Therine,1,Uzbekistan
747,Tilly,Bluh,50,Madagascar
748,Pollyanna,Brodench,49,Chad
749,Karina,Lorenz,43,Ecuador
750,Philis,Marisa,19,Nigeria
751,Lusa,Lemuela,18,Oman
752,Nerta,Zina,16,Congo
753,Lory,Dituri,42,Cape Verde
754,Viviene,Ephrem,6,Chile
755,Estell,Michella,27,Sri Lanka
756,Ekaterina,Maiah,29,Saint Kitts and Nevis
757,Elora,Amethist,23,Trinidad and Tobago
758,Amelia,Juan,40,"Micronesia, Federated States of"
759,Quintina,Adalbert,31,"Moldova, Republic of"
760,Nadine,Dituri,9,Myanmar
761,Basia,Maisey,40,Senegal
762,Ekaterina,Birdella,33,Kuwait
763,Evita,Rosalba,38,Poland
764,Marylou,Klemperer,47,Finland
765,Kalina,Rogerio,6,"Palestinian Territory, Occupied"
766,Almeta,Linskey,35,Kuwait
767,Madalyn,Nahum,5,Bahamas
768,Teriann,Melleta,1,Fiji
769,Anica,Raul,15,Slovenia
770,Deirdre,Angelis,22,Russian Federation
771,Sharai,Lanita,31,Cyprus
772,Sue,Chick,40,Malawi
773,Noelle,Tybald,1,Åland Islands
774,Corry,Penelopa,45,San Marino
775,Gui,Martguerita,23,Western Sahara
776,Ofilia,Lindemann,42,Jordan
777,Chere,Breed,29,Poland
778,Rhea,Buttaro,8,Azerbaijan
779,Rosanne,Rudolph,13,Monaco
780,Tomasina,McLaughlin,15,Dominica
781,Constance,Dichy,12,Kuwait
782,Tracey,Koziara,6,Afghanistan
783,Esmeralda,Zola,37,Puerto Rico
784,Sibella,Ehrman,12,Myanmar
785,Marika,Franza,31,Åland Islands
786,Nariko,Edvard,39,"Macedonia, The Former Yugoslav Republic of"
787,Coral,Schalles,38,"Lao People""S Democratic Republic"
788,Corina,Estella,43,Eritrea
789,Morganica,Fleeta,36,Namibia
790,Robinia,Magdalen,28,Tajikistan
791,Dorthy,Delp,40,Bosnia and Herzegovina
792,Marguerite,Zola,50,Guinea
793,Tilly,Baudin,17,Mexico
794,Ayn,Vivle,44,Northern Mariana Islands
795,Blondelle,Anton,14,Lesotho
796,Oralee,Skurnik,41,Guyana
797,Dolli,Sidonius,14,Austria
798,Jaime,Strephon,33,Colombia
799,Tarra,Izaak,19,Marshall Islands
800,Hermione,Yorick,47,Lithuania
801,Nicoli,Colp,47,Azerbaijan
802,Arabel,Edee,48,New Zealand
803,Suzette,Dimitris,24,Cape Verde
804,Vanessa,Anselmi,34,Guyana
805,Andree,Martsen,42,Bangladesh
806,Dominga,Donell,39,Slovenia
807,Helena,Codding,35,Zimbabwe
808,Lexine,Halsey,23,Hong Kong
809,Raina,Medrek,20,Albania
810,Ayn,Gherardo,19,Yemen
811,Althea,Salchunas,4,Kazakhstan
812,Fayre,Ethban,4,Iraq
813,Leona,Himelman,41,Anguilla
814,Thalia,Yorick,30,Lesotho
815,Bobbi,Vastah,2,Uzbekistan
816,Penelopa,Chobot,42,Venezuela
817,Claresta,Fink,19,Guam
818,Isa,Latini,39,Netherlands
819,Ninnetta,Gavrila,36,"Lao People""S Democratic Republic"
820,Cherilyn,Pip,44,Greece
821,Kimberley,Bennie,2,United States Minor Outlying Islands
822,Ivett,Koziara,50,United Arab Emirates
823,Meghann,Shields,10,Venezuela
824,Britte,Burkle,9,India
825,Bibby,Flita,40,Spain
826,Fina,Doig,48,Russian Federation
827,Lucille,Bouchard,41,Cameroon
828,Basia,Cadmar,47,Kiribati
829,Tori,Diann,34,Liechtenstein
830,Nerta,Strephon,8,Israel
831,Valeda,Chandler,2,Saint Kitts and Nevis
832,Maryellen,Ortrude,24,Viet Nam
833,Grier,Jobi,37,Brazil
834,Kenna,Saree,49,Sweden
835,Xylina,Halsey,47,"Taiwan, Province of China"
836,Mireielle,Roumell,43,Lithuania
837,Tabbatha,Bohlin,15,Malaysia
838,Lanna,Magdalen,39,Saint Helena
839,Rosanne,Arne,9,Trinidad and Tobago
840,Kassey,Gwenore,40,Antigua and Barbuda
841,Sallie,Burch,27,France
842,Ingrid,Burch,26,Guam
843,Cindelyn,Fadiman,50,Slovakia
844,Kore,Barrus,36,Hong Kong
845,Gabriellia,Croix,27,Monaco
846,Natka,Lewes,24,Central African Republic
847,Basia,Diogenes,22,Comoros
848,Felice,Baylor,27,Antarctica
849,Lorne,Ilka,43,Thailand
850,Kamilah,Decato,17,Nicaragua
851,Dyann,Catie,7,Hungary
852,Delilah,Lail,20,Gambia
853,Harmonia,Dorothy,42,Burkina Faso
854,Raina,Alexandr,17,Cook Islands
855,Calla,Alwin,27,Bulgaria
856,Beatriz,Vale,10,Peru
857,Ida,Sigfrid,17,"Korea, Democratic People""S Republic of"
858,Donetta,Joachim,2,Martinique
859,Nicoli,Gabrielli,29,Czech Republic
860,Kary,Baptlsta,45,Suriname
861,Hope,Colp,8,Puerto Rico
862,Sybille,Cornelia,43,"Tanzania, United Republic of"
863,Margarette,Desai,11,Belgium
864,Tori,Seagraves,50,Comoros
865,Adriana,Wandie,10,Russian Federation
866,Clo,Goddard,13,United States Minor Outlying Islands
867,Binny,Bandeen,15,"Virgin Islands, U.S."
868,Janeczka,Atonsah,13,Swaziland
869,Johna,Westphal,17,Guinea
870,Nikki,Reneta,41,Saudi Arabia
871,Jerry,Shirberg,50,Wallis and Futuna
872,Mahalia,Land,31,Nepal
873,Rivalee,Secrest,4,"Virgin Islands, British"
874,Donnie,Nance,24,Indonesia
875,Olwen,Wenda,35,Solomon Islands
876,Stacey,Gamaliel,28,Ireland
877,Silvana,Regan,13,Cyprus
878,Florencia,Aprile,11,Saint Helena
879,Atlanta,Baudin,49,Lebanon
880,Kaia,Dalli,5,Mongolia
881,Sam,Modie,15,Uruguay
882,Beth,Tyson,42,Maldives
883,Susette,Radu,43,Bahrain
884,Andree,Zeeba,6,Cambodia
885,Vanessa,Gilbertson,39,Malawi
886,Averyl,Bow,38,Belize
887,Mildrid,Natalia,14,Cyprus
888,Charissa,Dominy,45,Tokelau
889,Regina,Gaspard,35,"Korea, Republic of"
890,Brandise,Sigfrid,36,Dominican Republic
891,Therine,Cleo,19,San Marino
892,Tabbatha,Sisile,32,Tokelau
893,Lolita,Ellerey,21,Yemen
894,Madeleine,Ardra,45,Nicaragua
895,Bee,Cutlerr,46,"Tanzania, United Republic of"
896,Janey,Vivle,43,India
897,Lulita,Amasa,12,Switzerland
898,Jemie,Bennie,20,Spain
899,Marcelline,Robertson,30,Bhutan
900,Tonia,Carri,9,Niue
901,Andeee,Noman,40,Antigua and Barbuda
902,Wanda,Leffen,30,Belgium
903,Sibella,Niccolo,4,Congo
904,Tierney,Barbey,36,Kenya
905,Ketti,Masao,7,Turks and Caicos Islands
906,Celestyna,Brackely,20,Austria
907,Bobinette,Kellby,34,Hong Kong
908,Rebeca,Jammal,37,Jersey
909,Candi,Hachmin,40,Malaysia
910,Trixi,Wareing,40,Lebanon
911,Leona,Barrus,46,United Kingdom
912,Albertina,Sallyann,37,Tunisia
913,Kristan,Sibyls,5,"Micronesia, Federated States of"
914,Roslyn,Medrek,16,Anguilla
915,Lyssa,Ogren,42,Reunion
916,Evita,Fontana,49,Libyan Arab Jamahiriya
917,Maryellen,Rolf,37,"Korea, Democratic People""S Republic of"
918,Linet,Syd,9,Netherlands
919,Belinda,Pascia,36,Bulgaria
920,Leeanne,Meli,36,Lesotho
921,Luci,Marsden,42,Tokelau
922,Catharine,Johnsson,48,French Guiana
923,Agnese,Simmonds,29,Wallis and Futuna
924,Audrie,Weaks,37,Heard Island and Mcdonald Islands
925,Jany,Daniele,26,Jordan
926,Natka,Kronfeld,6,Burkina Faso
927,Danika,Maples,35,Brazil
928,Marsiella,Ball,4,Bhutan
929,Reeba,Brackely,4,"Micronesia, Federated States of"
930,Lisette,Chobot,3,Tuvalu
931,Doralynne,Adlare,28,Pakistan
932,Libbie,Karl,43,French Polynesia
933,Luci,Dichy,14,Belize
934,Bobinette,Remmer,17,Saint Pierre and Miquelon
935,Belva,McClimans,36,Saint Pierre and Miquelon
936,Mildrid,Brodench,37,Mali
937,Leeanne,Valerio,9,Uzbekistan
938,Linet,Wiener,41,Palau
939,Bobbi,Leopold,23,Guinea-Bissau
940,Katuscha,Pelagias,45,Bangladesh
941,Shannah,Tufts,14,Saint Pierre and Miquelon
942,Cherilyn,Hertzfeld,25,South Georgia and the South Sandwich Islands
943,Helena,Nerita,47,Cocos (Keeling) Islands
944,Elvira,Artie,50,Morocco
945,Sarette,Chick,3,Uzbekistan
946,Tarra,Bouchard,3,Saint Lucia
947,Carol-Jean,Ailyn,37,Bosnia and Herzegovina
948,Ernesta,Strephon,31,Guadeloupe
949,Bee,Aaberg,6,Austria
950,Clary,Knowling,5,South Africa
951,Benita,Dash,37,Finland
952,Jan,Amasa,24,Cyprus
953,Tera,Hachmin,33,Togo
954,Karly,Wind,2,San Marino
955,Lacie,Clywd,26,Indonesia
956,Leia,Corilla,10,Croatia
957,Dyann,Norvol,7,Brazil
958,Beth,Stelle,36,Sao Tome and Principe
959,Dania,Jacobah,40,Montserrat
960,Gwenneth,Trey,29,Malta
961,Amii,Munn,6,Afghanistan
962,Gui,Lumbard,10,Latvia
963,Harrietta,Mintz,42,Denmark
964,Albertina,Stefa,30,Sao Tome and Principe
965,Natka,Socha,43,Madagascar
966,Talya,Peonir,2,Guinea
967,Celene,Quent,23,Myanmar
968,Lucille,Parette,6,"Tanzania, United Republic of"
969,Inga,Cloris,42,Chad
970,Courtnay,Rooney,49,Ireland
971,Ariela,Leary,21,Botswana
972,Joceline,Kamaria,12,Mauritania
973,Josephine,Cordi,9,Germany
974,Marita,Orlene,43,Netherlands
975,Dorthy,Roarke,49,Australia
976,Yetty,Shama,39,Gabon
977,Krystle,Joli,25,Namibia
978,Mahalia,Sacken,42,Iraq
979,Elie,Kelula,49,"Tanzania, United Republic of"
980,Aurore,Weide,48,Australia
981,Katleen,Vilma,48,Estonia
982,Sarette,Sprage,14,Croatia
983,Ricky,Hanshaw,7,"Korea, Republic of"
984,Frieda,Junie,42,"Virgin Islands, British"
985,Gabi,Janene,49,Nicaragua
986,Maisey,Secrest,30,Grenada
987,Zsa Zsa,Paine,3,Namibia
988,Kelly,Milde,9,Peru
989,Sybille,Morehouse,7,New Zealand
990,Ruthe,Sikorski,41,Western Sahara
991,Demetris,Wooster,16,Croatia
992,Odessa,Cristi,17,Czech Republic
993,Henriette,Maxi,33,Guam
994,Maridel,Lail,1,Papua New Guinea
995,Hayley,Revkah,49,New Caledonia
996,Cacilie,Lamoree,19,Malawi
997,Melisent,Buckler,14,Jordan
998,Rochette,Fulmer,15,Slovenia
999,Meriel,Chauncey,50,Ethiopia
1000,Merry,Chauncey,11,Mayotte
1001,Tressa,Edee,7,United Arab Emirates
1002,Netty,Ingra,21,Sri Lanka
1003,Nickie,Dudley,13,Netherlands Antilles
1004,Millie,Mauer,17,Brazil
1005,Hope,Khorma,20,Guatemala
1006,Mariele,Nelsen,19,Kazakhstan
1007,Lynnea,Pernick,2,Saint Pierre and Miquelon
1008,Ulrike,Brodench,48,Botswana
1009,Carly,Hertzfeld,23,Brazil
1010,Rhoda,Nester,45,Togo
1011,Jolyn,Arquit,43,Christmas Island
1012,Gerrie,Kesley,22,Nepal
1013,Meghann,Nikaniki,15,Austria
1014,Shel,Woodberry,1,Guinea
1015,Keelia,Beebe,38,Monaco
1016,Emelina,Wadell,30,Palau
1017,Nelle,Felecia,29,Svalbard and Jan Mayen
1018,Odessa,Havens,29,Bangladesh
1019,Leia,Anastatius,7,Seychelles
1020,Carolina,Jalbert,28,Antigua and Barbuda
1021,Catharine,Winthorpe,10,Turkey
1022,Riannon,Thema,11,Singapore
1023,Rosabelle,Blase,8,Uganda
1024,Peri,Merell,24,New Caledonia
1025,Aeriela,Mozelle,28,Bosnia and Herzegovina
1026,Teriann,Jorgan,21,Azerbaijan
1027,Carmela,Kylander,23,Kazakhstan
1028,Ermengarde,Mozelle,41,Cook Islands
1029,Jobi,Ruvolo,31,Pakistan
1030,Tarra,Olnee,28,Lesotho
1031,Gerrie,Tarrant,12,Swaziland
1032,Karly,Drisko,28,Mauritania
1033,Deane,Marcellus,15,Marshall Islands
1034,Audrie,Evvie,43,Indonesia
1035,Lory,Hanshaw,46,Barbados
1036,Katleen,Rad,45,British Indian Ocean Territory
1037,Louella,Vacuva,37,Bangladesh
1038,Brynna,Zenas,20,Guadeloupe
1039,Gaylene,Heidt,38,French Southern Territories
1040,Madeleine,Goth,3,Guernsey
1041,Hallie,Alrich,31,"Virgin Islands, British"
1042,Joleen,Rozanna,47,Lesotho
1043,Ethel,Kimmie,4,Martinique
1044,Orelia,Giff,30,Saint Kitts and Nevis
1045,Orsola,Eckblad,13,"Congo, The Democratic Republic of the"
1046,Arlena,Pacorro,22,United Kingdom
1047,Millie,Glenden,8,Guyana
1048,Iseabal,Malanie,23,Italy
1049,Kara-Lynn,Maryanne,34,Canada
1050,Alyda,Daniele,22,Cook Islands
1051,Catrina,Jarib,20,Malawi
1052,Aurelie,Vharat,19,"Taiwan, Province of China"
1053,Ira,Ricarda,28,Mauritius
1054,Marline,Tristram,19,Solomon Islands
1055,Bernie,Fabiola,13,Nigeria
1056,Courtnay,Wallis,50,Heard Island and Mcdonald Islands
1057,Raina,Montgomery,11,Colombia
1058,Natka,Lindemann,25,Russian Federation
1059,Kristan,Juan,8,Liechtenstein
1060,Sabina,Albertine,16,Syrian Arab Republic
1061,Binny,Alfons,29,British Indian Ocean Territory
1062,Britte,Clara,4,French Polynesia
1063,Felice,Elbertina,37,Mongolia
1064,Sallie,Norrie,4,Ireland
1065,Candi,Vins,6,Martinique
1066,Bertine,Ehrman,13,Malawi
1067,Kerrin,Fadiman,23,Algeria
1068,Glynnis,Martguerita,28,Tunisia
1069,Ulrike,Old,24,Nauru
1070,Lynde,Colleen,33,Papua New Guinea
1071,Madelle,Salchunas,13,Benin
1072,Andeee,Francene,43,Mali
1073,Mahalia,Charity,12,Gabon
1074,Nikki,Willie,28,Hungary
1075,Linet,Graig,9,Oman
1076,Lanna,Elbertina,26,Tokelau
1077,Brana,Tayib,41,Hungary
1078,Ariela,Iiette,50,Bolivia
1079,Deedee,Gherardo,44,Viet Nam
1080,Jillayne,Scammon,27,Brunei Darussalam
1081,Lisette,Michella,27,Wallis and Futuna
1082,Teriann,Deegan,35,"Tanzania, United Republic of"
1083,Betta,Whiffen,37,Peru
1084,Elbertina,Millda,20,Finland
1085,Agathe,Hertzfeld,39,Norfolk Island
1086,Hettie,Colp,42,New Caledonia
1087,Frank,Maxi,23,Israel
1088,Lilith,Vanni,38,Ecuador
1089,Alleen,Goldina,13,Kazakhstan
1090,Cam,Urania,48,Croatia
1091,Fanny,Fennessy,19,Ghana
1092,Alex,Jefferey,6,Grenada
1093,Roseline,Ruvolo,13,Guam
1094,Nicoli,Sasnett,1,Guam
1095,Daryl,Bates,13,South Africa
1096,Brandise,Rillings,5,Greenland
1097,Florie,Johnsson,14,"Korea, Democratic People""S Republic of"
1098,Justinn,Muriel,13,Senegal
1099,Darci,Felizio,24,Svalbard and Jan Mayen
